ts,attempt,status,elapsed_ms,error
2026-09-14T22:05:44.358+00:00,0,OK,5.6,
2026-09-14T22:05:44.865+00:00,1,OK,6.4,
2026-09-14T22:05:45.370+00:00,2,OK,5.2,
2026-09-14T22:05:45.877+00:00,3,OK,6.7,
2026-09-14T22:05:46.384+00:00,4,OK,7.3,
2026-09-14T22:05:46.890+00:00,5,OK,5.4,
2026-09-14T22:05:47.394+00:00,6,OK,4.2,
2026-09-14T22:05:47.900+00:00,7,OK,5.0,
2026-09-14T22:05:48.406+00:00,8,OK,5.7,
2026-09-14T22:05:48.912+00:00,9,OK,5.8,
2026-09-14T22:05:49.419+00:00,10,OK,6.9,
2026-09-14T22:05:49.925+00:00,11,OK,6.1,
2026-09-14T22:05:50.433+00:00,12,OK,6.8,
2026-09-14T22:05:50.939+00:00,13,OK,5.8,
2026-09-14T22:05:51.444+00:00,14,OK,5.2,
2026-09-14T22:05:51.955+00:00,15,OK,10.4,
2026-09-14T22:05:52.467+00:00,16,OK,11.5,
2026-09-14T22:05:52.973+00:00,17,OK,5.8,
2026-09-14T22:05:53.484+00:00,18,OK,10.6,
2026-09-14T22:05:53.989+00:00,19,OK,5.4,
2026-09-14T22:05:54.499+00:00,20,OK,9.8,
2026-09-14T22:05:55.011+00:00,21,OK,11.7,
2026-09-14T22:05:55.520+00:00,22,OK,8.5,
2026-09-14T22:05:56.027+00:00,23,OK,6.2,
2026-09-14T22:05:56.533+00:00,24,OK,6.1,
2026-09-14T22:05:57.039+00:00,25,OK,5.6,
2026-09-14T22:05:57.550+00:00,26,OK,11.0,
2026-09-14T22:05:58.056+00:00,27,OK,5.1,
2026-09-14T22:05:58.565+00:00,28,OK,9.1,
2026-09-14T22:05:59.069+00:00,29,OK,4.2,
2026-09-14T22:05:59.577+00:00,30,OK,7.3,
2026-09-14T22:06:00.083+00:00,31,OK,6.3,
2026-09-14T22:06:00.591+00:00,32,OK,7.2,
2026-09-14T22:06:01.103+00:00,33,OK,12.4,
2026-09-14T22:06:01.612+00:00,34,OK,8.7,
2026-09-14T22:06:02.118+00:00,35,OK,5.4,
2026-09-14T22:06:02.623+00:00,36,OK,5.0,
2026-09-14T22:06:03.128+00:00,37,OK,5.3,
2026-09-14T22:06:03.633+00:00,38,OK,4.5,
2026-09-14T22:06:04.138+00:00,39,OK,4.8,
2026-09-14T22:06:04.644+00:00,40,OK,5.2,
2026-09-14T22:06:05.148+00:00,41,OK,3.8,
2026-09-14T22:06:05.654+00:00,42,OK,5.8,
2026-09-14T22:06:06.160+00:00,43,OK,5.9,
2026-09-14T22:06:06.667+00:00,44,OK,6.4,
2026-09-14T22:06:07.173+00:00,45,OK,5.6,
2026-09-14T22:06:07.677+00:00,46,OK,4.2,
2026-09-14T22:06:08.187+00:00,47,OK,10.0,
2026-09-14T22:06:08.696+00:00,48,OK,8.4,
2026-09-14T22:06:09.203+00:00,49,OK,6.7,
2026-09-14T22:06:09.710+00:00,50,OK,6.2,
2026-09-14T22:06:10.214+00:00,51,OK,4.6,
2026-09-14T22:06:10.719+00:00,52,OK,4.2,
2026-09-14T22:06:11.223+00:00,53,OK,3.9,
2026-09-14T22:06:11.734+00:00,54,OK,10.7,
2026-09-14T22:06:12.244+00:00,55,OK,9.7,
2026-09-14T22:06:12.756+00:00,56,OK,13.9,
2026-09-14T22:06:13.266+00:00,57,OK,9.6,
2026-09-14T22:06:13.770+00:00,58,OK,3.9,
2026-09-14T22:06:14.275+00:00,59,OK,4.7,
2026-09-14T22:06:14.783+00:00,60,OK,7.7,
2026-09-14T22:06:15.291+00:00,61,OK,7.7,
2026-09-14T22:06:15.797+00:00,62,OK,5.6,
2026-09-14T22:06:16.302+00:00,63,OK,4.7,
2026-09-14T22:06:16.807+00:00,64,OK,4.2,
2026-09-14T22:06:17.311+00:00,65,OK,3.8,
2026-09-14T22:06:17.817+00:00,66,OK,5.6,
2026-09-14T22:06:18.322+00:00,67,OK,5.3,
2026-09-14T22:06:18.826+00:00,68,OK,3.7,
2026-09-14T22:06:19.330+00:00,69,OK,3.5,
2026-09-14T22:06:19.835+00:00,70,OK,4.5,
2026-09-14T22:06:20.340+00:00,71,OK,5.0,
2026-09-14T22:06:20.844+00:00,72,OK,4.3,
2026-09-14T22:06:21.348+00:00,73,OK,3.6,
2026-09-14T22:06:21.853+00:00,74,OK,4.7,
2026-09-14T22:06:22.357+00:00,75,OK,4.0,
2026-09-14T22:06:22.860+00:00,76,OK,2.8,
2026-09-14T22:06:23.366+00:00,77,OK,5.0,
2026-09-14T22:06:23.871+00:00,78,OK,4.9,
2026-09-14T22:06:24.376+00:00,79,OK,5.2,
2026-09-14T22:06:24.882+00:00,80,OK,5.0,
2026-09-14T22:06:25.390+00:00,81,OK,8.1,
2026-09-14T22:06:25.895+00:00,82,OK,4.6,
2026-09-14T22:06:26.404+00:00,83,OK,8.3,
2026-09-14T22:06:26.910+00:00,84,OK,5.2,
2026-09-14T22:06:27.420+00:00,85,OK,10.6,
2026-09-14T22:06:27.925+00:00,86,OK,4.5,
2026-09-14T22:06:28.433+00:00,87,OK,7.1,
2026-09-14T22:06:28.937+00:00,88,OK,3.9,
2026-09-14T22:06:29.443+00:00,89,OK,6.1,
2026-09-14T22:06:29.948+00:00,90,OK,4.6,
2026-09-14T22:06:30.462+00:00,91,OK,13.9,
2026-09-14T22:06:30.968+00:00,92,OK,6.1,
2026-09-14T22:06:31.474+00:00,93,OK,5.5,
2026-09-14T22:06:31.978+00:00,94,OK,3.4,
2026-09-14T22:06:32.486+00:00,95,OK,7.4,
2026-09-14T22:06:32.999+00:00,96,OK,13.0,
2026-09-14T22:06:33.506+00:00,97,OK,6.1,
2026-09-14T22:06:34.011+00:00,98,OK,5.2,
2026-09-14T22:06:34.521+00:00,99,OK,8.9,
2026-09-14T22:06:35.024+00:00,100,OK,3.6,
2026-09-14T22:06:35.530+00:00,101,OK,4.8,
2026-09-14T22:06:36.038+00:00,102,OK,7.8,
2026-09-14T22:06:36.545+00:00,103,OK,7.0,
2026-09-14T22:06:37.053+00:00,104,OK,7.2,
2026-09-14T22:06:37.559+00:00,105,OK,6.2,
2026-09-14T22:06:38.063+00:00,106,OK,3.7,
2026-09-14T22:06:38.569+00:00,107,OK,5.9,
2026-09-14T22:06:39.077+00:00,108,OK,7.6,
2026-09-14T22:06:39.582+00:00,109,OK,4.6,
2026-09-14T22:06:40.091+00:00,110,OK,8.1,
2026-09-14T22:06:40.604+00:00,111,OK,12.3,
2026-09-14T22:06:41.110+00:00,112,OK,5.5,
2026-09-14T22:06:41.615+00:00,113,OK,5.2,
2026-09-14T22:06:42.123+00:00,114,OK,7.2,
2026-09-14T22:06:42.625+00:00,115,OK,3.8,
2026-09-14T22:06:43.131+00:00,116,OK,4.9,
2026-09-14T22:06:43.637+00:00,117,OK,5.7,
2026-09-14T22:06:44.141+00:00,118,OK,3.7,
2026-09-14T22:06:44.643+00:00,119,OK,2.8,
2026-09-14T22:06:45.149+00:00,120,OK,5.1,
2026-09-14T22:06:45.652+00:00,121,OK,3.2,
2026-09-14T22:06:46.156+00:00,122,OK,3.5,
2026-09-14T22:06:46.660+00:00,123,OK,3.7,
2026-09-14T22:06:47.164+00:00,124,OK,4.5,
2026-09-14T22:06:47.670+00:00,125,OK,5.5,
2026-09-14T22:06:48.175+00:00,126,OK,4.6,
2026-09-14T22:06:48.679+00:00,127,OK,3.6,
2026-09-14T22:06:49.184+00:00,128,OK,4.6,
2026-09-14T22:06:49.687+00:00,129,OK,3.4,
2026-09-14T22:06:50.191+00:00,130,OK,3.7,
2026-09-14T22:06:50.699+00:00,131,OK,7.4,
2026-09-14T22:06:51.205+00:00,132,OK,5.4,
2026-09-14T22:06:51.711+00:00,133,OK,6.0,
2026-09-14T22:06:52.216+00:00,134,OK,4.6,
2026-09-14T22:06:52.725+00:00,135,OK,9.5,
2026-09-14T22:06:53.231+00:00,136,OK,5.6,
2026-09-14T22:06:53.736+00:00,137,OK,4.5,
2026-09-14T22:06:54.245+00:00,138,OK,8.3,
2026-09-14T22:06:54.757+00:00,139,OK,11.9,
2026-09-14T22:06:55.265+00:00,140,OK,7.2,
2026-09-14T22:06:55.772+00:00,141,OK,6.7,
2026-09-14T22:06:56.281+00:00,142,OK,8.8,
2026-09-14T22:06:56.791+00:00,143,OK,9.9,
2026-09-14T22:06:57.297+00:00,144,OK,4.9,
2026-09-14T22:06:57.804+00:00,145,OK,7.3,
2026-09-14T22:06:58.309+00:00,146,OK,4.2,
2026-09-14T22:06:58.813+00:00,147,OK,4.2,
2026-09-14T22:06:59.323+00:00,148,OK,9.3,
2026-09-14T22:06:59.834+00:00,149,OK,10.6,
2026-09-14T22:07:00.339+00:00,150,OK,5.3,
2026-09-14T22:07:00.850+00:00,151,OK,10.3,
2026-09-14T22:07:01.358+00:00,152,OK,7.5,
2026-09-14T22:07:01.861+00:00,153,OK,2.9,
2026-09-14T22:07:02.365+00:00,154,OK,3.9,
2026-09-14T22:07:02.877+00:00,155,OK,11.4,
2026-09-14T22:07:03.381+00:00,156,OK,4.7,
2026-09-14T22:07:03.886+00:00,157,OK,4.0,
2026-09-14T22:07:04.389+00:00,158,OK,3.6,
2026-09-14T22:07:04.897+00:00,159,OK,7.3,
2026-09-14T22:07:05.402+00:00,160,OK,4.7,
2026-09-14T22:07:05.907+00:00,161,OK,4.7,
2026-09-14T22:07:06.411+00:00,162,OK,4.1,
2026-09-14T22:07:06.916+00:00,163,OK,4.7,
2026-09-14T22:07:07.422+00:00,164,OK,5.5,
2026-09-14T22:07:07.926+00:00,165,OK,3.6,
2026-09-14T22:07:08.430+00:00,166,OK,4.1,
2026-09-14T22:07:08.937+00:00,167,OK,7.0,
2026-09-14T22:07:09.443+00:00,168,OK,5.2,
2026-09-14T22:07:09.949+00:00,169,OK,5.9,
2026-09-14T22:07:10.461+00:00,170,OK,12.0,
2026-09-14T22:07:10.965+00:00,171,OK,3.3,
2026-09-14T22:07:11.468+00:00,172,OK,3.6,
2026-09-14T22:07:11.972+00:00,173,OK,3.7,
2026-09-14T22:07:12.476+00:00,174,OK,4.0,
2026-09-14T22:07:12.979+00:00,175,OK,4.3,
2026-09-14T22:07:13.482+00:00,176,OK,3.4,
2026-09-14T22:07:13.987+00:00,177,OK,4.8,
2026-09-14T22:07:14.493+00:00,178,OK,5.5,
2026-09-14T22:07:14.998+00:00,179,OK,4.9,
2026-09-14T22:07:15.505+00:00,180,OK,6.4,
2026-09-14T22:07:16.012+00:00,181,OK,6.5,
2026-09-14T22:07:16.523+00:00,182,OK,10.9,
2026-09-14T22:07:17.029+00:00,183,OK,5.3,
2026-09-14T22:07:17.541+00:00,184,OK,11.7,
2026-09-14T22:07:18.053+00:00,185,OK,12.0,
2026-09-14T22:07:18.567+00:00,186,OK,13.1,
2026-09-14T22:07:19.075+00:00,187,OK,7.8,
2026-09-14T22:07:19.580+00:00,188,OK,4.5,
2026-09-14T22:07:20.084+00:00,189,OK,4.0,
2026-09-14T22:07:20.593+00:00,190,OK,9.1,
2026-09-14T22:07:21.100+00:00,191,OK,6.6,
2026-09-14T22:07:21.606+00:00,192,OK,5.8,
2026-09-14T22:07:22.111+00:00,193,OK,4.4,
2026-09-14T22:07:22.617+00:00,194,OK,5.7,
2026-09-14T22:07:23.123+00:00,195,OK,6.0,
2026-09-14T22:07:23.629+00:00,196,OK,5.2,
2026-09-14T22:07:24.133+00:00,197,OK,4.5,
2026-09-14T22:07:24.637+00:00,198,OK,3.6,
2026-09-14T22:07:25.143+00:00,199,OK,5.3,
2026-09-14T22:07:25.646+00:00,200,OK,3.3,
2026-09-14T22:07:26.154+00:00,201,OK,7.0,
2026-09-14T22:07:26.662+00:00,202,OK,8.5,
2026-09-14T22:07:27.166+00:00,203,OK,3.1,
2026-09-14T22:07:27.670+00:00,204,OK,3.7,
2026-09-14T22:07:28.174+00:00,205,OK,4.4,
2026-09-14T22:07:28.678+00:00,206,OK,3.7,
2026-09-14T22:07:29.187+00:00,207,OK,8.7,
2026-09-14T22:07:29.693+00:00,208,OK,5.2,
2026-09-14T22:07:30.196+00:00,209,OK,3.6,
2026-09-14T22:07:30.702+00:00,210,OK,5.0,
2026-09-14T22:07:31.206+00:00,211,OK,3.9,
2026-09-14T22:07:31.710+00:00,212,OK,3.8,
2026-09-14T22:07:32.216+00:00,213,OK,5.2,
2026-09-14T22:07:32.722+00:00,214,OK,5.8,
2026-09-14T22:07:33.226+00:00,215,OK,4.6,
2026-09-14T22:07:33.730+00:00,216,OK,3.6,
2026-09-14T22:07:34.234+00:00,217,OK,3.8,
2026-09-14T22:07:34.740+00:00,218,OK,5.6,
2026-09-14T22:07:35.246+00:00,219,OK,5.4,
2026-09-14T22:07:35.756+00:00,220,OK,9.7,
2026-09-14T22:07:36.260+00:00,221,OK,4.4,
2026-09-14T22:07:36.765+00:00,222,OK,4.6,
2026-09-14T22:07:37.270+00:00,223,OK,4.3,
2026-09-14T22:07:37.774+00:00,224,OK,3.7,
2026-09-14T22:07:38.284+00:00,225,OK,10.3,
2026-09-14T22:07:38.797+00:00,226,OK,11.9,
2026-09-14T22:07:39.307+00:00,227,OK,9.8,
2026-09-14T22:07:39.818+00:00,228,OK,10.9,
2026-09-14T22:07:40.328+00:00,229,OK,9.0,
2026-09-14T22:07:40.834+00:00,230,OK,6.3,
2026-09-14T22:07:41.339+00:00,231,OK,4.0,
2026-09-14T22:07:41.846+00:00,232,OK,7.2,
2026-09-14T22:07:42.351+00:00,233,OK,4.4,
2026-09-14T22:07:42.855+00:00,234,OK,5.8,
2026-09-14T22:07:43.360+00:00,235,OK,4.0,
2026-09-14T22:07:43.863+00:00,236,OK,3.7,
2026-09-14T22:07:44.368+00:00,237,OK,4.3,
2026-09-14T22:07:44.872+00:00,238,OK,3.8,
2026-09-14T22:07:45.377+00:00,239,OK,4.5,
2026-09-14T22:07:45.881+00:00,240,OK,4.5,
2026-09-14T22:07:46.386+00:00,241,OK,4.2,
2026-09-14T22:07:46.891+00:00,242,OK,5.0,
2026-09-14T22:07:47.396+00:00,243,OK,4.2,
2026-09-14T22:07:47.902+00:00,244,OK,6.0,
2026-09-14T22:07:48.406+00:00,245,OK,3.8,
2026-09-14T22:07:48.912+00:00,246,OK,5.4,
2026-09-14T22:07:49.420+00:00,247,OK,8.0,
2026-09-14T22:07:49.924+00:00,248,OK,3.4,
2026-09-14T22:07:50.434+00:00,249,OK,9.9,
2026-09-14T22:07:50.945+00:00,250,OK,11.2,
2026-09-14T22:07:51.454+00:00,251,OK,8.5,
2026-09-14T22:07:51.966+00:00,252,OK,10.8,
2026-09-14T22:07:52.470+00:00,253,OK,4.0,
2026-09-14T22:07:52.973+00:00,254,OK,2.9,
2026-09-14T22:07:53.478+00:00,255,OK,4.7,
2026-09-14T22:07:53.983+00:00,256,OK,4.4,
2026-09-14T22:07:54.495+00:00,257,OK,11.9,
2026-09-14T22:07:55.001+00:00,258,OK,5.8,
2026-09-14T22:07:55.515+00:00,259,OK,13.3,
2026-09-14T22:07:56.022+00:00,260,OK,6.7,
2026-09-14T22:07:56.534+00:00,261,OK,11.5,
2026-09-14T22:07:57.042+00:00,262,OK,8.4,
2026-09-14T22:07:57.547+00:00,263,OK,4.0,
2026-09-14T22:07:58.050+00:00,264,OK,3.1,
2026-09-14T22:07:58.557+00:00,265,OK,6.7,
2026-09-14T22:07:59.068+00:00,266,OK,10.3,
2026-09-14T22:07:59.579+00:00,267,OK,11.3,
2026-09-14T22:08:00.086+00:00,268,OK,6.0,
2026-09-14T22:08:00.598+00:00,269,OK,11.5,
2026-09-14T22:08:01.107+00:00,270,OK,8.2,
2026-09-14T22:08:01.616+00:00,271,OK,9.4,
2026-09-14T22:08:02.121+00:00,272,OK,4.5,
2026-09-14T22:08:02.630+00:00,273,OK,8.1,
2026-09-14T22:08:03.137+00:00,274,OK,7.6,
2026-09-14T22:08:03.644+00:00,275,OK,6.0,
2026-09-14T22:08:04.149+00:00,276,OK,4.5,
2026-09-14T22:08:04.652+00:00,277,OK,3.0,
2026-09-14T22:08:05.164+00:00,278,OK,12.2,
2026-09-14T22:08:05.673+00:00,279,OK,8.9,
2026-09-14T22:08:06.178+00:00,280,OK,4.5,
2026-09-14T22:08:06.686+00:00,281,OK,7.8,
2026-09-14T22:08:07.189+00:00,282,OK,2.8,
2026-09-14T22:08:07.695+00:00,283,OK,5.3,
2026-09-14T22:08:08.204+00:00,284,OK,9.1,
2026-09-14T22:08:08.717+00:00,285,OK,12.2,
2026-09-14T22:08:09.222+00:00,286,OK,4.9,
2026-09-14T22:08:09.731+00:00,287,OK,9.0,
2026-09-14T22:08:10.241+00:00,288,OK,8.8,
2026-09-14T22:08:10.757+00:00,289,OK,16.1,
2026-09-14T22:08:11.267+00:00,290,OK,9.2,
2026-09-14T22:08:11.779+00:00,291,OK,11.9,
2026-09-14T22:08:12.290+00:00,292,OK,10.8,
2026-09-14T22:08:12.799+00:00,293,OK,10.7,
2026-09-14T22:08:13.312+00:00,294,OK,12.4,
2026-09-14T22:08:13.816+00:00,295,OK,4.4,
2026-09-14T22:08:14.325+00:00,296,OK,8.6,
2026-09-14T22:08:14.835+00:00,297,OK,9.6,
2026-09-14T22:08:15.348+00:00,298,OK,12.2,
2026-09-14T22:08:15.865+00:00,299,OK,17.0,
2026-09-14T22:08:16.373+00:00,300,OK,7.4,
2026-09-14T22:08:16.883+00:00,301,OK,9.1,
2026-09-14T22:08:17.387+00:00,302,OK,4.6,
2026-09-14T22:08:17.892+00:00,303,OK,4.9,
2026-09-14T22:08:18.395+00:00,304,OK,2.8,
2026-09-14T22:08:18.904+00:00,305,OK,8.0,
2026-09-14T22:08:19.410+00:00,306,OK,5.6,
2026-09-14T22:08:19.914+00:00,307,OK,3.9,
2026-09-14T22:08:20.425+00:00,308,OK,11.1,
2026-09-14T22:08:20.935+00:00,309,OK,9.6,
2026-09-14T22:08:21.443+00:00,310,OK,7.3,
2026-09-14T22:08:21.946+00:00,311,OK,2.7,
2026-09-14T22:08:22.454+00:00,312,OK,7.8,
2026-09-14T22:08:22.958+00:00,313,OK,4.0,
2026-09-14T22:08:23.463+00:00,314,OK,4.3,
2026-09-14T22:08:23.966+00:00,315,OK,3.0,
2026-09-14T22:08:24.479+00:00,316,OK,12.7,
2026-09-14T22:08:24.985+00:00,317,OK,5.5,
2026-09-14T22:08:25.495+00:00,318,OK,9.3,
2026-09-14T22:08:26.000+00:00,319,OK,5.2,
2026-09-14T22:08:26.510+00:00,320,OK,9.0,
2026-09-14T22:08:27.016+00:00,321,OK,5.7,
2026-09-14T22:08:27.537+00:00,322,OK,21.2,
2026-09-14T22:08:28.042+00:00,323,OK,4.6,
2026-09-14T22:08:28.550+00:00,324,OK,7.6,
2026-09-14T22:08:29.059+00:00,325,OK,8.3,
2026-09-14T22:08:29.568+00:00,326,OK,8.8,
2026-09-14T22:08:30.073+00:00,327,OK,4.5,
2026-09-14T22:08:30.578+00:00,328,OK,5.4,
2026-09-14T22:08:31.090+00:00,329,OK,11.5,
2026-09-14T22:08:31.595+00:00,330,OK,4.5,
2026-09-14T22:08:32.102+00:00,331,OK,6.5,
2026-09-14T22:08:32.613+00:00,332,OK,10.8,
2026-09-14T22:08:33.121+00:00,333,OK,7.8,
2026-09-14T22:08:33.635+00:00,334,OK,13.2,
2026-09-14T22:08:34.141+00:00,335,OK,6.1,
2026-09-14T22:08:34.649+00:00,336,OK,8.0,
2026-09-14T22:08:35.159+00:00,337,OK,9.5,
2026-09-14T22:08:35.670+00:00,338,OK,10.9,
2026-09-14T22:08:36.177+00:00,339,OK,6.5,
2026-09-14T22:08:36.694+00:00,340,OK,16.9,
2026-09-14T22:08:37.204+00:00,341,OK,8.8,
2026-09-14T22:08:37.714+00:00,342,OK,9.8,
2026-09-14T22:08:38.221+00:00,343,OK,6.4,
2026-09-14T22:08:38.731+00:00,344,OK,10.2,
2026-09-14T22:08:39.236+00:00,345,OK,4.9,
2026-09-14T22:08:39.746+00:00,346,OK,9.2,
2026-09-14T22:08:40.258+00:00,347,OK,11.4,
2026-09-14T22:08:40.769+00:00,348,OK,10.5,
2026-09-14T22:08:41.278+00:00,349,OK,9.0,
2026-09-14T22:08:41.792+00:00,350,OK,13.7,
2026-09-14T22:08:42.298+00:00,351,OK,5.6,
2026-09-14T22:08:42.815+00:00,352,OK,18.3,
2026-09-14T22:08:43.332+00:00,353,OK,17.2,
2026-09-14T22:08:43.840+00:00,354,OK,7.2,
2026-09-14T22:08:44.347+00:00,355,OK,7.2,
2026-09-14T22:08:44.853+00:00,356,OK,5.3,
2026-09-14T22:08:45.359+00:00,357,OK,5.7,
2026-09-14T22:08:45.873+00:00,358,OK,13.9,
2026-09-14T22:08:46.380+00:00,359,OK,6.7,
2026-09-14T22:08:46.890+00:00,360,OK,9.6,
2026-09-14T22:08:47.394+00:00,361,OK,3.5,
2026-09-14T22:08:47.904+00:00,362,OK,10.2,
2026-09-14T22:08:48.411+00:00,363,OK,5.0,
2026-09-14T22:08:48.919+00:00,364,OK,6.9,
2026-09-14T22:08:49.428+00:00,365,OK,9.2,
2026-09-14T22:08:49.935+00:00,366,OK,7.0,
2026-09-14T22:08:50.444+00:00,367,OK,8.7,
2026-09-14T22:08:50.957+00:00,368,OK,12.3,
2026-09-14T22:08:51.468+00:00,369,OK,10.4,
2026-09-14T22:08:51.972+00:00,370,OK,4.0,
2026-09-14T22:08:52.477+00:00,371,OK,5.2,
2026-09-14T22:08:52.985+00:00,372,OK,7.3,
2026-09-14T22:08:53.496+00:00,373,OK,10.5,
2026-09-14T22:08:54.001+00:00,374,OK,4.5,
2026-09-14T22:08:54.519+00:00,375,OK,17.9,
2026-09-14T22:08:55.029+00:00,376,OK,9.6,
2026-09-14T22:08:55.546+00:00,377,OK,16.4,
2026-09-14T22:08:56.054+00:00,378,OK,7.8,
2026-09-14T22:08:56.571+00:00,379,OK,16.7,
2026-09-14T22:08:57.090+00:00,380,OK,18.3,
2026-09-14T22:08:57.607+00:00,381,OK,16.5,
2026-09-14T22:08:58.112+00:00,382,OK,4.5,
2026-09-14T22:08:58.621+00:00,383,OK,8.5,
2026-09-14T22:08:59.137+00:00,384,OK,15.7,
2026-09-14T22:08:59.646+00:00,385,OK,8.5,
2026-09-14T22:09:00.164+00:00,386,OK,17.9,
2026-09-14T22:09:00.681+00:00,387,OK,16.2,
2026-09-14T22:09:01.186+00:00,388,OK,4.6,
2026-09-14T22:09:01.693+00:00,389,OK,6.2,
2026-09-14T22:09:02.207+00:00,390,OK,14.5,
2026-09-14T22:09:02.713+00:00,391,OK,5.2,
2026-09-14T22:09:03.227+00:00,392,OK,13.8,
2026-09-14T22:09:03.737+00:00,393,OK,10.0,
2026-09-14T22:09:04.245+00:00,394,OK,7.0,
2026-09-14T22:09:04.754+00:00,395,OK,8.6,
2026-09-14T22:09:05.268+00:00,396,OK,14.0,
2026-09-14T22:09:05.783+00:00,397,OK,14.8,
2026-09-14T22:09:06.290+00:00,398,OK,6.8,
2026-09-14T22:09:06.806+00:00,399,OK,15.8,
2026-09-14T22:09:07.317+00:00,400,OK,10.1,
2026-09-14T22:09:07.826+00:00,401,OK,8.8,
2026-09-14T22:09:08.332+00:00,402,OK,6.5,
2026-09-14T22:09:08.847+00:00,403,OK,14.7,
2026-09-14T22:09:09.354+00:00,404,OK,6.3,
2026-09-14T22:09:09.873+00:00,405,OK,18.7,
2026-09-14T22:09:10.377+00:00,406,OK,3.8,
2026-09-14T22:09:10.883+00:00,407,OK,6.1,
2026-09-14T22:09:11.389+00:00,408,OK,5.9,
2026-09-14T22:09:11.895+00:00,409,OK,5.5,
2026-09-14T22:09:12.401+00:00,410,OK,5.2,
2026-09-14T22:09:12.908+00:00,411,OK,9.1,
2026-09-14T22:09:13.418+00:00,412,OK,9.5,
2026-09-14T22:09:13.923+00:00,413,OK,5.5,
2026-09-14T22:09:14.441+00:00,414,OK,17.6,
2026-09-14T22:09:14.947+00:00,415,OK,5.7,
2026-09-14T22:09:15.452+00:00,416,OK,4.4,
2026-09-14T22:09:15.957+00:00,417,OK,4.0,
2026-09-14T22:09:16.465+00:00,418,OK,7.7,
2026-09-14T22:09:16.970+00:00,419,OK,5.4,
2026-09-14T22:09:17.481+00:00,420,OK,10.7,
2026-09-14T22:09:17.995+00:00,421,OK,13.3,
2026-09-14T22:09:18.505+00:00,422,OK,9.5,
2026-09-14T22:09:19.015+00:00,423,OK,9.4,
2026-09-14T22:09:19.522+00:00,424,OK,7.3,
2026-09-14T22:09:20.029+00:00,425,OK,6.8,
2026-09-14T22:09:20.545+00:00,426,OK,14.8,
2026-09-14T22:09:21.055+00:00,427,OK,10.5,
2026-09-14T22:09:21.566+00:00,428,OK,10.6,
2026-09-14T22:09:22.077+00:00,429,OK,9.9,
2026-09-14T22:09:22.586+00:00,430,OK,8.1,
2026-09-14T22:09:23.096+00:00,431,OK,10.3,
2026-09-14T22:09:23.604+00:00,432,OK,7.5,
2026-09-14T22:09:24.110+00:00,433,OK,5.6,
2026-09-14T22:09:24.623+00:00,434,OK,12.4,
2026-09-14T22:09:25.127+00:00,435,OK,4.4,
2026-09-14T22:09:25.644+00:00,436,OK,16.4,
2026-09-14T22:09:26.153+00:00,437,OK,8.8,
2026-09-14T22:09:26.665+00:00,438,OK,11.1,
2026-09-14T22:09:27.170+00:00,439,OK,4.9,
2026-09-14T22:09:27.679+00:00,440,OK,8.7,
2026-09-14T22:09:28.188+00:00,441,OK,9.0,
2026-09-14T22:09:28.694+00:00,442,OK,5.4,
2026-09-14T22:09:29.202+00:00,443,OK,8.3,
2026-09-14T22:09:29.711+00:00,444,OK,8.6,
2026-09-14T22:09:30.219+00:00,445,OK,7.3,
2026-09-14T22:09:30.731+00:00,446,OK,11.6,
2026-09-14T22:09:31.241+00:00,447,OK,10.1,
2026-09-14T22:09:31.761+00:00,448,OK,19.3,
2026-09-14T22:09:32.271+00:00,449,OK,10.1,
2026-09-14T22:09:32.786+00:00,450,OK,14.0,
2026-09-14T22:09:33.296+00:00,451,OK,10.2,
2026-09-14T22:09:33.801+00:00,452,OK,4.7,
2026-09-14T22:09:34.308+00:00,453,OK,6.2,
2026-09-14T22:09:34.821+00:00,454,OK,12.6,
2026-09-14T22:09:35.334+00:00,455,OK,13.0,
2026-09-14T22:09:35.844+00:00,456,OK,9.2,
2026-09-14T22:09:36.352+00:00,457,OK,8.1,
2026-09-14T22:09:36.897+00:00,458,OK,44.3,
2026-09-14T22:09:37.401+00:00,459,OK,4.2,
2026-09-14T22:09:37.907+00:00,460,OK,5.6,
2026-09-14T22:09:38.412+00:00,461,OK,4.8,
2026-09-14T22:09:38.918+00:00,462,OK,5.6,
2026-09-14T22:09:39.428+00:00,463,OK,10.3,
2026-09-14T22:09:39.934+00:00,464,OK,5.4,
2026-09-14T22:09:40.440+00:00,465,OK,5.7,
2026-09-14T22:09:40.945+00:00,466,OK,4.9,
2026-09-14T22:09:41.456+00:00,467,OK,10.6,
2026-09-14T22:09:41.965+00:00,468,OK,8.8,
2026-09-14T22:09:42.474+00:00,469,OK,8.2,
2026-09-14T22:09:42.988+00:00,470,OK,15.7,
2026-09-14T22:09:43.498+00:00,471,OK,9.8,
2026-09-14T22:09:44.004+00:00,472,OK,5.3,
2026-09-14T22:09:44.513+00:00,473,OK,8.7,
2026-09-14T22:09:45.017+00:00,474,OK,4.4,
2026-09-14T22:09:45.528+00:00,475,OK,10.4,
2026-09-14T22:09:46.033+00:00,476,OK,5.1,
2026-09-14T22:09:46.545+00:00,477,OK,11.7,
2026-09-14T22:09:47.052+00:00,478,OK,5.9,
2026-09-14T22:09:47.560+00:00,479,OK,8.2,
2026-09-14T22:09:48.064+00:00,480,OK,3.9,
2026-09-14T22:09:48.570+00:00,481,OK,5.8,
2026-09-14T22:09:49.086+00:00,482,OK,14.9,
2026-09-14T22:09:49.591+00:00,483,OK,4.7,
2026-09-14T22:09:50.104+00:00,484,OK,13.4,
2026-09-14T22:09:50.610+00:00,485,OK,5.3,
2026-09-14T22:09:51.116+00:00,486,OK,5.8,
2026-09-14T22:09:51.629+00:00,487,OK,12.9,
2026-09-14T22:09:52.135+00:00,488,OK,5.9,
2026-09-14T22:09:52.647+00:00,489,OK,11.2,
2026-09-14T22:09:53.166+00:00,490,OK,18.9,
2026-09-14T22:09:53.671+00:00,491,OK,5.2,
2026-09-14T22:09:54.177+00:00,492,OK,5.8,
2026-09-14T22:09:54.694+00:00,493,OK,16.2,
2026-09-14T22:09:55.200+00:00,494,OK,6.2,
2026-09-14T22:09:55.710+00:00,495,OK,9.4,
2026-09-14T22:09:56.215+00:00,496,OK,5.2,
2026-09-14T22:09:56.725+00:00,497,OK,9.3,
2026-09-14T22:09:57.230+00:00,498,OK,4.7,
2026-09-14T22:09:57.736+00:00,499,OK,5.9,
2026-09-14T22:09:58.240+00:00,500,OK,4.5,
2026-09-14T22:09:58.750+00:00,501,OK,9.0,
2026-09-14T22:09:59.256+00:00,502,OK,5.9,
2026-09-14T22:09:59.763+00:00,503,OK,7.1,
2026-09-14T22:10:00.268+00:00,504,OK,4.8,
2026-09-14T22:10:00.776+00:00,505,OK,7.5,
2026-09-14T22:10:01.283+00:00,506,OK,6.4,
2026-09-14T22:10:01.788+00:00,507,OK,5.1,
2026-09-14T22:10:02.292+00:00,508,OK,4.1,
2026-09-14T22:10:02.797+00:00,509,OK,4.3,
2026-09-14T22:10:03.302+00:00,510,OK,5.5,
2026-09-14T22:10:03.807+00:00,511,OK,4.2,
2026-09-14T22:10:04.314+00:00,512,OK,6.8,
2026-09-14T22:10:04.820+00:00,513,OK,5.9,
2026-09-14T22:10:05.326+00:00,514,OK,5.8,
2026-09-14T22:10:05.839+00:00,515,OK,12.9,
2026-09-14T22:10:06.343+00:00,516,OK,3.7,
2026-09-14T22:10:06.855+00:00,517,OK,11.7,
2026-09-14T22:10:07.361+00:00,518,OK,5.6,
2026-09-14T22:10:07.866+00:00,519,OK,4.8,
2026-09-14T22:10:08.371+00:00,520,OK,4.9,
2026-09-14T22:10:08.878+00:00,521,OK,6.3,
2026-09-14T22:10:09.387+00:00,522,OK,8.7,
2026-09-14T22:10:09.900+00:00,523,OK,12.4,
2026-09-14T22:10:10.404+00:00,524,OK,4.6,
2026-09-14T22:10:10.915+00:00,525,OK,9.9,
2026-09-14T22:10:11.425+00:00,526,OK,9.4,
2026-09-14T22:10:11.935+00:00,527,OK,9.8,
2026-09-14T22:10:12.441+00:00,528,OK,6.1,
2026-09-14T22:10:12.954+00:00,529,OK,14.7,
2026-09-14T22:10:13.464+00:00,530,OK,9.2,
2026-09-14T22:10:13.970+00:00,531,OK,5.9,
2026-09-14T22:10:14.490+00:00,532,OK,19.2,
2026-09-14T22:10:14.998+00:00,533,OK,8.2,
2026-09-14T22:10:15.517+00:00,534,OK,17.8,
2026-09-14T22:10:16.022+00:00,535,OK,5.5,
2026-09-14T22:10:16.530+00:00,536,OK,7.6,
2026-09-14T22:10:17.035+00:00,537,OK,4.2,
2026-09-14T22:10:17.548+00:00,538,OK,13.4,
2026-09-14T22:10:18.053+00:00,539,OK,4.7,
2026-09-14T22:10:18.567+00:00,540,OK,13.5,
2026-09-14T22:10:19.073+00:00,541,OK,5.7,
2026-09-14T22:10:19.591+00:00,542,OK,17.5,
2026-09-14T22:10:20.097+00:00,543,OK,5.6,
2026-09-14T22:10:20.612+00:00,544,OK,14.3,
2026-09-14T22:10:21.127+00:00,545,OK,14.5,
2026-09-14T22:10:21.632+00:00,546,OK,4.9,
2026-09-14T22:10:22.137+00:00,547,OK,5.4,
2026-09-14T22:10:22.645+00:00,548,OK,7.6,
2026-09-14T22:10:23.151+00:00,549,OK,5.7,
2026-09-14T22:10:23.658+00:00,550,OK,5.9,
2026-09-14T22:10:24.164+00:00,551,OK,6.3,
2026-09-14T22:10:24.681+00:00,552,OK,16.9,
2026-09-14T22:10:25.192+00:00,553,OK,9.8,
2026-09-14T22:10:25.697+00:00,554,OK,5.1,
2026-09-14T22:10:26.208+00:00,555,OK,10.4,
2026-09-14T22:10:26.721+00:00,556,OK,13.2,
2026-09-14T22:10:27.227+00:00,557,OK,5.8,
2026-09-14T22:10:27.734+00:00,558,OK,6.9,
2026-09-14T22:10:28.240+00:00,559,OK,5.7,
2026-09-14T22:10:28.751+00:00,560,OK,10.6,
2026-09-14T22:10:29.258+00:00,561,OK,6.3,
2026-09-14T22:10:29.775+00:00,562,OK,16.4,
2026-09-14T22:10:30.285+00:00,563,OK,9.6,
2026-09-14T22:10:30.792+00:00,564,OK,7.3,
2026-09-14T22:10:31.307+00:00,565,OK,14.6,
2026-09-14T22:10:31.815+00:00,566,OK,7.6,
2026-09-14T22:10:32.324+00:00,567,OK,8.9,
2026-09-14T22:10:32.839+00:00,568,OK,14.1,
2026-09-14T22:10:33.347+00:00,569,OK,8.6,
2026-09-14T22:10:33.852+00:00,570,OK,4.2,
2026-09-14T22:10:34.362+00:00,571,OK,10.1,
2026-09-14T22:10:34.875+00:00,572,OK,12.6,
2026-09-14T22:10:35.391+00:00,573,OK,15.5,
2026-09-14T22:10:35.898+00:00,574,OK,6.6,
2026-09-14T22:10:36.416+00:00,575,OK,18.5,
2026-09-14T22:10:36.923+00:00,576,OK,5.9,
2026-09-14T22:10:37.428+00:00,577,OK,5.3,
2026-09-14T22:10:37.939+00:00,578,OK,10.5,
2026-09-14T22:10:38.444+00:00,579,OK,4.4,
2026-09-14T22:10:38.956+00:00,580,OK,11.5,
2026-09-14T22:10:39.466+00:00,581,OK,10.1,
2026-09-14T22:10:39.971+00:00,582,OK,4.8,
2026-09-14T22:10:40.488+00:00,583,OK,16.3,
2026-09-14T22:10:41.004+00:00,584,OK,16.4,
2026-09-14T22:10:41.518+00:00,585,OK,12.8,
2026-09-14T22:10:42.023+00:00,586,OK,5.6,
2026-09-14T22:10:42.529+00:00,587,OK,5.1,
2026-09-14T22:10:43.037+00:00,588,OK,9.8,
2026-09-14T22:10:43.545+00:00,589,OK,8.1,
2026-09-14T22:10:44.051+00:00,590,OK,5.2,
2026-09-14T22:10:44.565+00:00,591,OK,13.5,
